{
    "name": "root",
    "gauges": {
        "CNC_Cube_Touching_Behaviour.Policy.Entropy.mean": {
            "value": 1.4232858419418335,
            "min": 1.417490005493164,
            "max": 1.4232858419418335,
            "count": 20
        },
        "CNC_Cube_Touching_Behaviour.Policy.Entropy.sum": {
            "value": 14210.0859375,
            "min": 13754.7421875,
            "max": 14753.076171875,
            "count": 20
        },
        "CNC_Cube_Touching_Behaviour.Step.mean": {
            "value": 199968.0,
            "min": 9984.0,
            "max": 199968.0,
            "count": 20
        },
        "CNC_Cube_Touching_Behaviour.Step.sum": {
            "value": 199968.0,
            "min": 9984.0,
            "max": 199968.0,
            "count": 20
        },
        "CNC_Cube_Touching_Behaviour.Policy.ExtrinsicValueEstimate.mean": {
            "value": 1.1241151094436646,
            "min": -0.001685541239567101,
            "max": 1.1241151094436646,
            "count": 20
        },
        "CNC_Cube_Touching_Behaviour.Policy.ExtrinsicValueEstimate.sum": {
            "value": 195.59603881835938,
            "min": -0.29328417778015137,
            "max": 195.59603881835938,
            "count": 20
        },
        "CNC_Cube_Touching_Behaviour.Policy.CuriosityValueEstimate.mean": {
            "value": 0.00041448025149293244,
            "min": -0.061586469411849976,
            "max": 0.003149417694658041,
            "count": 20
        },
        "CNC_Cube_Touching_Behaviour.Policy.CuriosityValueEstimate.sum": {
            "value": 0.0721195638179779,
            "min": -10.716045379638672,
            "max": 0.5605963468551636,
            "count": 20
        },
        "CNC_Cube_Touching_Behaviour.Environment.EpisodeLength.mean": {
            "value": 399.0,
            "min": 399.0,
            "max": 399.0,
            "count": 20
        },
        "CNC_Cube_Touching_Behaviour.Environment.EpisodeLength.sum": {
            "value": 9576.0,
            "min": 9576.0,
            "max": 11970.0,
            "count": 20
        },
        "CNC_Cube_Touching_Behaviour.Environment.CumulativeReward.mean": {
            "value": 45.25099766626954,
            "min": 7.25099990144372,
            "max": 66.7509929612279,
            "count": 20
        },
        "CNC_Cube_Touching_Behaviour.Environment.CumulativeReward.sum": {
            "value": 1086.023943990469,
            "min": 174.02399763464928,
            "max": 1602.0238310694695,
            "count": 20
        },
        "CNC_Cube_Touching_Behaviour.Policy.ExtrinsicReward.mean": {
            "value": 45.25099766626954,
            "min": 7.25099990144372,
            "max": 66.7509929612279,
            "count": 20
        },
        "CNC_Cube_Touching_Behaviour.Policy.ExtrinsicReward.sum": {
            "value": 1086.023943990469,
            "min": 174.02399763464928,
            "max": 1602.0238310694695,
            "count": 20
        },
        "CNC_Cube_Touching_Behaviour.Policy.CuriosityReward.mean": {
            "value": 0.000988518154902825,
            "min": 0.0,
            "max": 0.024639391565870028,
            "count": 20
        },
        "CNC_Cube_Touching_Behaviour.Policy.CuriosityReward.sum": {
            "value": 0.023724435717667802,
            "min": 0.0,
            "max": 0.5913453975808807,
            "count": 20
        },
        "CNC_Cube_Touching_Behaviour.IsTraining.mean": {
            "value": 1.0,
            "min": 1.0,
            "max": 1.0,
            "count": 20
        },
        "CNC_Cube_Touching_Behaviour.IsTraining.sum": {
            "value": 1.0,
            "min": 1.0,
            "max": 1.0,
            "count": 20
        },
        "CNC_Cube_Touching_Behaviour.Losses.PolicyLoss.mean": {
            "value": 0.02426882619038224,
            "min": 0.015750428176640224,
            "max": 0.031058688989530008,
            "count": 19
        },
        "CNC_Cube_Touching_Behaviour.Losses.PolicyLoss.sum": {
            "value": 0.02426882619038224,
            "min": 0.015750428176640224,
            "max": 0.031058688989530008,
            "count": 19
        },
        "CNC_Cube_Touching_Behaviour.Losses.ValueLoss.mean": {
            "value": 1.8725248495737712,
            "min": 0.4368199110031128,
            "max": 2.7420350074768067,
            "count": 19
        },
        "CNC_Cube_Touching_Behaviour.Losses.ValueLoss.sum": {
            "value": 1.8725248495737712,
            "min": 0.4368199110031128,
            "max": 2.7420350074768067,
            "count": 19
        },
        "CNC_Cube_Touching_Behaviour.Policy.LearningRate.mean": {
            "value": 6.048643951360001e-05,
            "min": 6.048643951360001e-05,
            "max": 9.792640207360001e-05,
            "count": 19
        },
        "CNC_Cube_Touching_Behaviour.Policy.LearningRate.sum": {
            "value": 6.048643951360001e-05,
            "min": 6.048643951360001e-05,
            "max": 9.792640207360001e-05,
            "count": 19
        },
        "CNC_Cube_Touching_Behaviour.Policy.Epsilon.mean": {
            "value": 0.1604864,
            "min": 0.1604864,
            "max": 0.1979264,
            "count": 19
        },
        "CNC_Cube_Touching_Behaviour.Policy.Epsilon.sum": {
            "value": 0.1604864,
            "min": 0.1604864,
            "max": 0.1979264,
            "count": 19
        },
        "CNC_Cube_Touching_Behaviour.Policy.Beta.mean": {
            "value": 0.0006088153600000002,
            "min": 0.0006088153600000002,
            "max": 0.0009794713600000003,
            "count": 19
        },
        "CNC_Cube_Touching_Behaviour.Policy.Beta.sum": {
            "value": 0.0006088153600000002,
            "min": 0.0006088153600000002,
            "max": 0.0009794713600000003,
            "count": 19
        },
        "CNC_Cube_Touching_Behaviour.Losses.CuriosityForwardLoss.mean": {
            "value": 0.0005904475571393656,
            "min": 0.00029725212128444887,
            "max": 0.0909560383297503,
            "count": 19
        },
        "CNC_Cube_Touching_Behaviour.Losses.CuriosityForwardLoss.sum": {
            "value": 0.0005904475571393656,
            "min": 0.00029725212128444887,
            "max": 0.0909560383297503,
            "count": 19
        },
        "CNC_Cube_Touching_Behaviour.Losses.CuriosityInverseLoss.mean": {
            "value": 1.0183762927850089,
            "min": 0.9862775901953379,
            "max": 1.0183762927850089,
            "count": 19
        },
        "CNC_Cube_Touching_Behaviour.Losses.CuriosityInverseLoss.sum": {
            "value": 1.0183762927850089,
            "min": 0.9862775901953379,
            "max": 1.0183762927850089,
            "count": 19
        }
    },
    "metadata": {
        "timer_format_version": "0.1.0",
        "start_time_seconds": "1724364151",
        "python_version": "3.10.9 (tags/v3.10.9:1dd9be6, Dec  6 2022, 20:01:21) [MSC v.1934 64 bit (AMD64)]",
        "command_line_arguments": "C:\\Users\\conor\\PlantGrowthSimulator\\venv\\Scripts\\mlagents-learn .\\trainer_config.yaml --run-id=1DMotionOnly-1Obs --train",
        "mlagents_version": "1.1.0.dev0",
        "mlagents_envs_version": "1.1.0.dev0",
        "communication_protocol_version": "1.5.0",
        "pytorch_version": "1.13.1+cu117",
        "numpy_version": "1.23.5",
        "end_time_seconds": "1724364698"
    },
    "total": 546.6916054000612,
    "count": 1,
    "self": 0.013891200069338083,
    "children": {
        "run_training.setup": {
            "total": 0.10207280004397035,
            "count": 1,
            "self": 0.10207280004397035
        },
        "TrainerController.start_learning": {
            "total": 546.5756413999479,
            "count": 1,
            "self": 1.226427506422624,
            "children": {
                "TrainerController._reset_env": {
                    "total": 5.243575899978168,