{
    "name": "root",
    "gauges": {
        "CNC_Cube_Touching_Behaviour.Policy.Entropy.mean": {
            "value": 1.4298975467681885,
            "min": 1.4189382791519165,
            "max": 1.429905652999878,
            "count": 50
        },
        "CNC_Cube_Touching_Behaviour.Policy.Entropy.sum": {
            "value": 14223.1904296875,
            "min": 14148.8125,
            "max": 14364.83203125,
            "count": 50
        },
        "CNC_Cube_Touching_Behaviour.Step.mean": {
            "value": 499938.0,
            "min": 9941.0,
            "max": 499938.0,
            "count": 50
        },
        "CNC_Cube_Touching_Behaviour.Step.sum": {
            "value": 499938.0,
            "min": 9941.0,
            "max": 499938.0,
            "count": 50
        },
        "CNC_Cube_Touching_Behaviour.Policy.ExtrinsicValueEstimate.mean": {
            "value": -0.020487608388066292,
            "min": -0.025818873196840286,
            "max": 0.04216119647026062,
            "count": 50
        },
        "CNC_Cube_Touching_Behaviour.Policy.ExtrinsicValueEstimate.sum": {
            "value": -3.6058189868927,
            "min": -4.569940567016602,
            "max": 7.504693031311035,
            "count": 50
        },
        "CNC_Cube_Touching_Behaviour.Policy.CuriosityValueEstimate.mean": {
            "value": 0.00028641754761338234,
            "min": -0.003414446720853448,
            "max": 0.009959413670003414,
            "count": 50
        },
        "CNC_Cube_Touching_Behaviour.Policy.CuriosityValueEstimate.sum": {
            "value": 0.05040948837995529,
            "min": -0.6077715158462524,
            "max": 1.752856731414795,
            "count": 50
        },
        "CNC_Cube_Touching_Behaviour.Environment.EpisodeLength.mean": {
            "value": 348.62068965517244,
            "min": 251.725,
            "max": 370.2142857142857,
            "count": 50
        },
        "CNC_Cube_Touching_Behaviour.Environment.EpisodeLength.sum": {
            "value": 10110.0,
            "min": 9628.0,
            "max": 10366.0,
            "count": 50
        },
        "CNC_Cube_Touching_Behaviour.Environment.CumulativeReward.mean": {
            "value": -1.5729656399324023,
            "min": -1.685407539760625,
            "max": -0.6782564971691523,
            "count": 50
        },
        "CNC_Cube_Touching_Behaviour.Environment.CumulativeReward.sum": {
            "value": -45.616003558039665,
            "min": -46.18400363624096,
            "max": -26.45200338959694,
            "count": 50
        },
        "CNC_Cube_Touching_Behaviour.Policy.ExtrinsicReward.mean": {
            "value": -1.5729656399324023,
            "min": -1.685407539760625,
            "max": -0.6782564971691523,
            "count": 50
        },
        "CNC_Cube_Touching_Behaviour.Policy.ExtrinsicReward.sum": {
            "value": -45.616003558039665,
            "min": -46.18400363624096,
            "max": -26.45200338959694,
            "count": 50
        },
        "CNC_Cube_Touching_Behaviour.Policy.CuriosityReward.mean": {
            "value": 0.015005157074734472,
            "min": 0.0,
            "max": 0.9491095073713824,
            "count": 50
        },
        "CNC_Cube_Touching_Behaviour.Policy.CuriosityReward.sum": {
            "value": 0.4351495551672997,
            "min": 0.0,
            "max": 27.52417571377009,
            "count": 50
        },
        "CNC_Cube_Touching_Behaviour.IsTraining.mean": {
            "value": 1.0,
            "min": 1.0,
            "max": 1.0,
            "count": 50
        },
        "CNC_Cube_Touching_Behaviour.IsTraining.sum": {
            "value": 1.0,
            "min": 1.0,
            "max": 1.0,
            "count": 50
        },
        "CNC_Cube_Touching_Behaviour.Losses.PolicyLoss.mean": {
            "value": 0.018617498816456645,
            "min": 0.012783558807617132,
            "max": 0.022972155928922197,
            "count": 24
        },
        "CNC_Cube_Touching_Behaviour.Losses.PolicyLoss.sum": {
            "value": 0.018617498816456645,
            "min": 0.012783558807617132,
            "max": 0.022972155928922197,
            "count": 24
        },
        "CNC_Cube_Touching_Behaviour.Losses.ValueLoss.mean": {
            "value": 0.0011249362267941856,
            "min": 0.0006462924289129053,
            "max": 0.001797672351434206,
            "count": 24
        },
        "CNC_Cube_Touching_Behaviour.Losses.ValueLoss.sum": {
            "value": 0.0011249362267941856,
            "min": 0.0006462924289129053,
            "max": 0.001797672351434206,
            "count": 24
        },
        "CNC_Cube_Touching_Behaviour.Policy.LearningRate.mean": {
            "value": 1.557098442999998e-06,
            "min": 1.557098442999998e-06,
            "max": 9.590260409739998e-05,
            "count": 24
        },
        "CNC_Cube_Touching_Behaviour.Policy.LearningRate.sum": {
            "value": 1.557098442999998e-06,
            "min": 1.557098442999998e-06,
            "max": 9.590260409739998e-05,
            "count": 24
        },
        "CNC_Cube_Touching_Behaviour.Policy.Epsilon.mean": {
            "value": 0.10155700000000004,
            "min": 0.10155700000000004,
            "max": 0.19590260000000004,
            "count": 24
        },
        "CNC_Cube_Touching_Behaviour.Policy.Epsilon.sum": {
            "value": 0.10155700000000004,
            "min": 0.10155700000000004,
            "max": 0.19590260000000004,
            "count": 24
        },
        "CNC_Cube_Touching_Behaviour.Policy.Beta.mean": {
            "value": 0.0001266192999999998,
            "min": 0.0001266192999999998,
            "max": 0.007193104740000002,
            "count": 24
        },
        "CNC_Cube_Touching_Behaviour.Policy.Beta.sum": {
            "value": 0.0001266192999999998,
            "min": 0.0001266192999999998,
            "max": 0.007193104740000002,
            "count": 24
        },
        "CNC_Cube_Touching_Behaviour.Losses.CuriosityForwardLoss.mean": {
            "value": 0.000534412973987249,
            "min": 0.000534412973987249,
            "max": 0.17204260875781377,
            "count": 24
        },
        "CNC_Cube_Touching_Behaviour.Losses.CuriosityForwardLoss.sum": {
            "value": 0.000534412973987249,
            "min": 0.000534412973987249,
            "max": 0.17204260875781377,
            "count": 24
        },
        "CNC_Cube_Touching_Behaviour.Losses.CuriosityInverseLoss.mean": {
            "value": 3.080975079536438,
            "min": 2.9883175770441692,
            "max": 3.097900160153707,
            "count": 24
        },
        "CNC_Cube_Touching_Behaviour.Losses.CuriosityInverseLoss.sum": {
            "value": 3.080975079536438,
            "min": 2.9883175770441692,
            "max": 3.097900160153707,
            "count": 24
        }
    },
    "metadata": {
        "timer_format_version": "0.1.0",
        "start_time_seconds": "1706826400",
        "python_version": "3.10.9 (tags/v3.10.9:1dd9be6, Dec  6 2022, 20:01:21) [MSC v.1934 64 bit (AMD64)]",
        "command_line_arguments": "C:\\Users\\conor\\PlantGrowthSimulator\\venv\\Scripts\\mlagents-learn .\\trainer_config.yaml --run-id=dist_only --force",
        "mlagents_version": "1.1.0.dev0",
        "mlagents_envs_version": "1.1.0.dev0",
        "communication_protocol_version": "1.5.0",
        "pytorch_version": "1.13.1+cu117",
        "numpy_version": "1.23.5",
        "end_time_seconds": "1706829850"
    },
    "total": 3450.393712799996,
    "count": 1,
    "self": 0.06810180004686117,
    "children": {
        "run_training.setup": {
            "total": 0.07545160013251007,
            "count": 1,
            "self": 0.07545160013251007
        },
        "TrainerController.start_learning": {
            "total": 3450.2501593998168,
            "count": 1,
            "self": 10.119541982887313,