{
    "name": "root",
    "gauges": {
        "CNC_Cube_Touching_Behaviour.Policy.Entropy.mean": {
            "value": 2.2789690494537354,
            "min": 1.4189382791519165,
            "max": 2.2794857025146484,
            "count": 500
        },
        "CNC_Cube_Touching_Behaviour.Policy.Entropy.sum": {
            "value": 22848.943359375,
            "min": 13788.291015625,
            "max": 23571.1015625,
            "count": 500
        },
        "CNC_Cube_Touching_Behaviour.Environment.EpisodeLength.mean": {
            "value": 153.3,
            "min": 64.12,
            "max": 399.0,
            "count": 500
        },
        "CNC_Cube_Touching_Behaviour.Environment.EpisodeLength.sum": {
            "value": 9198.0,
            "min": 7632.0,
            "max": 12348.0,
            "count": 500
        },
        "CNC_Cube_Touching_Behaviour.Step.mean": {
            "value": 4999948.0,
            "min": 9936.0,
            "max": 4999948.0,
            "count": 500
        },
        "CNC_Cube_Touching_Behaviour.Step.sum": {
            "value": 4999948.0,
            "min": 9936.0,
            "max": 4999948.0,
            "count": 500
        },
        "CNC_Cube_Touching_Behaviour.Policy.ExtrinsicValueEstimate.mean": {
            "value": 0.007571366615593433,
            "min": -0.028331156820058823,
            "max": 0.047005295753479004,
            "count": 500
        },
        "CNC_Cube_Touching_Behaviour.Policy.ExtrinsicValueEstimate.sum": {
            "value": 1.4007028341293335,
            "min": -4.957952499389648,
            "max": 9.91811752319336,
            "count": 500
        },
        "CNC_Cube_Touching_Behaviour.Policy.CuriosityValueEstimate.mean": {
            "value": -7.941720832604915e-05,
            "min": -0.02217400074005127,
            "max": 0.006988377310335636,
            "count": 500
        },
        "CNC_Cube_Touching_Behaviour.Policy.CuriosityValueEstimate.sum": {
            "value": -0.014692183583974838,
            "min": -3.9913201332092285,
            "max": 1.215977668762207,
            "count": 500
        },
        "CNC_Cube_Touching_Behaviour.Environment.CumulativeReward.mean": {
            "value": 0.13159993886947632,
            "min": -1.999000146985054,
            "max": 0.6824999875747241,
            "count": 500
        },
        "CNC_Cube_Touching_Behaviour.Environment.CumulativeReward.sum": {
            "value": 7.895996332168579,
            "min": -59.97000440955162,
            "max": 106.46999806165695,
            "count": 500
        },
        "CNC_Cube_Touching_Behaviour.Policy.ExtrinsicReward.mean": {
            "value": 0.13159993886947632,
            "min": -1.999000146985054,
            "max": 0.6824999875747241,
            "count": 500
        },
        "CNC_Cube_Touching_Behaviour.Policy.ExtrinsicReward.sum": {
            "value": 7.895996332168579,
            "min": -59.97000440955162,
            "max": 106.46999806165695,
            "count": 500
        },
        "CNC_Cube_Touching_Behaviour.Policy.CuriosityReward.mean": {
            "value": 0.0005193462769057077,
            "min": 0.0,
            "max": 0.5330422775354237,
            "count": 500
        },
        "CNC_Cube_Touching_Behaviour.Policy.CuriosityReward.sum": {
            "value": 0.031160776614342467,
            "min": 0.0,
            "max": 21.321691101416945,
            "count": 500
        },
        "CNC_Cube_Touching_Behaviour.IsTraining.mean": {
            "value": 1.0,
            "min": 1.0,
            "max": 1.0,
            "count": 500
        },
        "CNC_Cube_Touching_Behaviour.IsTraining.sum": {
            "value": 1.0,
            "min": 1.0,
            "max": 1.0,
            "count": 500
        },
        "CNC_Cube_Touching_Behaviour.Losses.PolicyLoss.mean": {
            "value": 0.013893277213113227,
            "min": 0.01117696364526637,
            "max": 0.022407354872363307,
            "count": 241
        },
        "CNC_Cube_Touching_Behaviour.Losses.PolicyLoss.sum": {
            "value": 0.013893277213113227,
            "min": 0.01117696364526637,
            "max": 0.022407354872363307,
            "count": 241
        },
        "CNC_Cube_Touching_Behaviour.Losses.ValueLoss.mean": {
            "value": 0.006498979202782114,
            "min": 1.5290344445399266e-07,
            "max": 0.015460698492825031,
            "count": 241
        },
        "CNC_Cube_Touching_Behaviour.Losses.ValueLoss.sum": {
            "value": 0.006498979202782114,
            "min": 1.5290344445399266e-07,
            "max": 0.015460698492825031,
            "count": 241
        },
        "CNC_Cube_Touching_Behaviour.Policy.LearningRate.mean": {
            "value": 3.1216996878399466e-06,
            "min": 3.1216996878399466e-06,
            "max": 0.00099588280041172,
            "count": 241
        },
        "CNC_Cube_Touching_Behaviour.Policy.LearningRate.sum": {
            "value": 3.1216996878399466e-06,
            "min": 3.1216996878399466e-06,
            "max": 0.00099588280041172,
            "count": 241
        },
        "CNC_Cube_Touching_Behaviour.Policy.Epsilon.mean": {
            "value": 0.10031216000000003,
            "min": 0.10031216000000003,
            "max": 0.1995882800000001,
            "count": 241
        },
        "CNC_Cube_Touching_Behaviour.Policy.Epsilon.sum": {
            "value": 0.10031216000000003,
            "min": 0.10031216000000003,
            "max": 0.1995882800000001,
            "count": 241
        },
        "CNC_Cube_Touching_Behaviour.Policy.Beta.mean": {
            "value": 3.338078399999961e-05,
            "min": 3.338078399999961e-05,
            "max": 0.007469162171999999,
            "count": 241
        },
        "CNC_Cube_Touching_Behaviour.Policy.Beta.sum": {
            "value": 3.338078399999961e-05,
            "min": 3.338078399999961e-05,
            "max": 0.007469162171999999,
            "count": 241
        },
        "CNC_Cube_Touching_Behaviour.Losses.CuriosityForwardLoss.mean": {
            "value": 3.262954075277473e-05,
            "min": 2.7123995641886724e-05,
            "max": 0.1515954002737999,
            "count": 241
        },
        "CNC_Cube_Touching_Behaviour.Losses.CuriosityForwardLoss.sum": {
            "value": 3.262954075277473e-05,
            "min": 2.7123995641886724e-05,
            "max": 0.1515954002737999,
            "count": 241
        },
        "CNC_Cube_Touching_Behaviour.Losses.CuriosityInverseLoss.mean": {
            "value": 16.80560042063395,
            "min": 2.999210540453593,
            "max": 16.977206548055012,
            "count": 241
        },
        "CNC_Cube_Touching_Behaviour.Losses.CuriosityInverseLoss.sum": {
            "value": 16.80560042063395,
            "min": 2.999210540453593,
            "max": 16.977206548055012,
            "count": 241
        }
    },
    "metadata": {
        "timer_format_version": "0.1.0",
        "start_time_seconds": "1706962616",
        "python_version": "3.10.9 (tags/v3.10.9:1dd9be6, Dec  6 2022, 20:01:21) [MSC v.1934 64 bit (AMD64)]",
        "command_line_arguments": "C:\\Users\\conor\\PlantGrowthSimulator\\venv\\Scripts\\mlagents-learn .\\trainer_config.yaml --run-id=dist_only_multi_env --force",
        "mlagents_version": "1.1.0.dev0",
        "mlagents_envs_version": "1.1.0.dev0",
        "communication_protocol_version": "1.5.0",
        "pytorch_version": "1.13.1+cu117",
        "numpy_version": "1.23.5",
        "end_time_seconds": "1706972917"
    },
    "total": 10300.977201799993,
    "count": 1,
    "self": 0.013427199999568984,
    "children": {
        "run_training.setup": {
            "total": 0.1000787999946624,
            "count": 1,
            "self": 0.1000787999946624
        },
        "TrainerController.start_learning": {
            "total": 10300.863695799999,
            "count": 1,
            "self": 19.717301494340063,