{
    "name": "root",
    "gauges": {
        "CNC_Cube_Pushing_Behaviour.Policy.Entropy.mean": {
            "value": 1.2923861742019653,
            "min": 1.2923861742019653,
            "max": 1.4189382791519165,
            "count": 252
        },
        "CNC_Cube_Pushing_Behaviour.Policy.Entropy.sum": {
            "value": 12923.8623046875,
            "min": 10472.0,
            "max": 16089.84765625,
            "count": 252
        },
        "CNC_Cube_Pushing_Behaviour.Step.mean": {
            "value": 2519928.0,
            "min": 9928.0,
            "max": 2519928.0,
            "count": 252
        },
        "CNC_Cube_Pushing_Behaviour.Step.sum": {
            "value": 2519928.0,
            "min": 9928.0,
            "max": 2519928.0,
            "count": 252
        },
        "CNC_Cube_Pushing_Behaviour.Policy.ExtrinsicValueEstimate.mean": {
            "value": -2.498061418533325,
            "min": -2.501603603363037,
            "max": 0.0238365288823843,
            "count": 252
        },
        "CNC_Cube_Pushing_Behaviour.Policy.ExtrinsicValueEstimate.sum": {
            "value": -249.80615234375,
            "min": -250.1603546142578,
            "max": 2.383652925491333,
            "count": 252
        },
        "CNC_Cube_Pushing_Behaviour.Environment.EpisodeLength.mean": {
            "value": 199.0,
            "min": 199.0,
            "max": 199.0,
            "count": 252
        },
        "CNC_Cube_Pushing_Behaviour.Environment.EpisodeLength.sum": {
            "value": 9950.0,
            "min": 8159.0,
            "max": 11741.0,
            "count": 252
        },
        "CNC_Cube_Pushing_Behaviour.Environment.CumulativeReward.mean": {
            "value": -4.995000243186951,
            "min": -5.772001955509186,
            "max": -4.955000236034393,
            "count": 252
        },
        "CNC_Cube_Pushing_Behaviour.Environment.CumulativeReward.sum": {
            "value": -249.75001215934753,
            "min": -288.6000977754593,
            "max": -247.75001180171967,
            "count": 252
        },
        "CNC_Cube_Pushing_Behaviour.Policy.ExtrinsicReward.mean": {
            "value": -4.995000243186951,
            "min": -5.772001955509186,
            "max": -4.955000236034393,
            "count": 252
        },
        "CNC_Cube_Pushing_Behaviour.Policy.ExtrinsicReward.sum": {
            "value": -249.75001215934753,
            "min": -288.6000977754593,
            "max": -247.75001180171967,
            "count": 252
        },
        "CNC_Cube_Pushing_Behaviour.IsTraining.mean": {
            "value": 1.0,
            "min": 1.0,
            "max": 1.0,
            "count": 252
        },
        "CNC_Cube_Pushing_Behaviour.IsTraining.sum": {
            "value": 1.0,
            "min": 1.0,
            "max": 1.0,
            "count": 252
        },
        "CNC_Cube_Pushing_Behaviour.Losses.PolicyLoss.mean": {
            "value": 0.017710659590860208,
            "min": 0.011699146506907709,
            "max": 0.022591575584374367,
            "count": 122
        },
        "CNC_Cube_Pushing_Behaviour.Losses.PolicyLoss.sum": {
            "value": 0.017710659590860208,
            "min": 0.011699146506907709,
            "max": 0.022591575584374367,
            "count": 122
        },
        "CNC_Cube_Pushing_Behaviour.Losses.ValueLoss.mean": {
            "value": 1.078117300797506e-06,
            "min": 9.166313361674838e-07,
            "max": 0.04651274339606364,
            "count": 122
        },
        "CNC_Cube_Pushing_Behaviour.Losses.ValueLoss.sum": {
            "value": 1.078117300797506e-06,
            "min": 9.166313361674838e-07,
            "max": 0.04651274339606364,
            "count": 122
        },
        "CNC_Cube_Pushing_Behaviour.Policy.LearningRate.mean": {
            "value": 0.00044763701026256003,
            "min": 0.00044763701026256003,
            "max": 0.0008963049604105601,
            "count": 122
        },
        "CNC_Cube_Pushing_Behaviour.Policy.LearningRate.sum": {
            "value": 0.00044763701026256003,
            "min": 0.00044763701026256003,
            "max": 0.0008963049604105601,
            "count": 122
        },
        "CNC_Cube_Pushing_Behaviour.Policy.Epsilon.mean": {
            "value": 0.14973744,
            "min": 0.14973744,
            "max": 0.1995894400000001,
            "count": 122
        },
        "CNC_Cube_Pushing_Behaviour.Policy.Epsilon.sum": {
            "value": 0.14973744,
            "min": 0.14973744,
            "max": 0.1995894400000001,
            "count": 122
        },
        "CNC_Cube_Pushing_Behaviour.Policy.Beta.mean": {
            "value": 0.0024918982560000005,
            "min": 0.0024918982560000005,
            "max": 0.004979513056,
            "count": 122
        },
        "CNC_Cube_Pushing_Behaviour.Policy.Beta.sum": {
            "value": 0.0024918982560000005,
            "min": 0.0024918982560000005,
            "max": 0.004979513056,
            "count": 122
        }
    },
    "metadata": {
        "timer_format_version": "0.1.0",
        "start_time_seconds": "1704239189",
        "python_version": "3.10.9 (tags/v3.10.9:1dd9be6, Dec  6 2022, 20:01:21) [MSC v.1934 64 bit (AMD64)]",
        "command_line_arguments": "C:\\Users\\conor\\PlantGrowthSimulator\\venv\\Scripts\\mlagents-learn .\\trainer_config.yaml --run-id cnc_cube_push_off_01 --force",
        "mlagents_version": "1.0.0",
        "mlagents_envs_version": "1.0.0",
        "communication_protocol_version": "1.5.0",
        "pytorch_version": "1.13.1+cu117",
        "numpy_version": "1.23.5",
        "end_time_seconds": "1704270403"
    },
    "total": 31213.543760100147,
    "count": 1,
    "self": 10.007779200328514,
    "children": {
        "run_training.setup": {
            "total": 0.10594070004299283,
            "count": 1,
            "self": 0.10594070004299283
        },
        "TrainerController.start_learning": {
            "total": 31203.430040199775,
            "count": 1,
            "self": 76.29234444373287,
            "children": {
                "TrainerController._reset_env": {
                    "total": 8.30288129998371,
                    "count": 1,
                    "self": 8.30288129998371
                },
                "TrainerController.advance": {
                    "total": 31118.502292456105,
                    "count": 2527691,
                    "self": 33.05278813675977,
                    "children": {
                        "env_step": {
                            "total": 31085.449504319346,
                            "count": 2527691,
                            "self": 24904.12171940948,
                            "children": {
                                "SubprocessEnvManager._take_step": {
                                    "total": 6127.9664021260105,
                                    "count": 2527691,
                                    "self": 178.69535689987242,
                                    "children": {
                                        "TorchPolicy.evaluate": {
                                            "total": 5949.271045226138,
                                            "count": 2527691,
                                            "self": 5949.271045226138
                                        }
                                    }
                                },
                                "workers": {
                                    "total": 53.36138278385624,
                                    "count": 2527690,
                                    "self": 0.0,
                                    "children": {
                                        "worker_root": {
                                            "total": 31093.95284770569,
                                            "count": 2527690,
                                            "is_parallel": true,