{"count":1,"self":1162.9231104,"total":89995.463057399989,"children":{"InitializeActuators":{"count":12,"self":0.0027865,"total":0.0027865,"children":null},"InitializeSensors":{"count":12,"self":0.0019971999999999998,"total":0.0019971999999999998,"children":null},"AgentSendState":{"count":1145017,"self":7.863408,"total":256.9195932,"children":{"CollectObservations":{"count":1374024,"self":3.768486,"total":3.768486,"children":null},"WriteActionMask":{"count":1374024,"self":0.84650249999999994,"total":0.84650249999999994,"children":null},"RequestDecision":{"count":1374024,"self":4.3393272,"total":244.44119669999998,"children":{"AgentInfo.ToProto":{"count":1374024,"self":4.7233468,"total":240.10186969999998,"children":{"GenerateSensorData":{"count":1374024,"self":235.37853439999998,"total":235.378523,"children":null}}}}}}},"DecideAction":{"count":1145017,"self":88562.578227199992,"total":88562.578995299991,"children":null},"AgentAct":{"count":1145017,"self":8.8479472,"total":8.8554119,"children":{"AgentInfo.ToProto":{"count":48,"self":0,"total":0.0074648,"children":{"GenerateSensorData":{"count":48,"self":0.0074648,"total":0.0074648,"children":null}}}}},"AgentInfo.ToProto":{"count":29052,"self":0.11821609999999999,"total":4.1781535,"children":{"GenerateSensorData":{"count":29052,"self":4.0599376,"total":4.0599374,"children":null}}}},"gauges":{"CNC_Cube_Touching_Behaviour.CumulativeReward":{"count":29100,"max":25.3982048,"min":-2.00003743,"runningAverage":2.73971725,"value":0.831999838,"weightedAverage":2.00969172}},"metadata":{"timer_format_version":"0.1.0","start_time_seconds":"1724272343","unity_version":"2022.3.0f1","command_line_arguments":"C:\\Program Files\\Unity\\Hub\\Editor\\2022.3.0f1\\Editor\\Unity.exe -projectpath C:\\Users\\conor\\PlantGrowthSimulator -useHub -hubIPC -cloudEnvironment production","communication_protocol_version":"1.5.0","com.unity.ml-agents_version":"3.0.0-exp.1","scene_name":"CNCScene","end_time_seconds":"1724362339"}}