{"count":1,"self":20807.4899456,"total":84132.336072099992,"children":{"InitializeActuators":{"count":12,"self":0.0019965,"total":0.0019965,"children":null},"InitializeSensors":{"count":12,"self":0.0015248999999999998,"total":0.0015248999999999998,"children":null},"AgentSendState":{"count":4166734,"self":32.9817184,"total":106.98727769999999,"children":{"CollectObservations":{"count":5000082,"self":11.4423032,"total":11.4423035,"children":null},"WriteActionMask":{"count":5000082,"self":3.0849146,"total":3.0849146,"children":null},"RequestDecision":{"count":5000082,"self":18.5971904,"total":59.4783403,"children":{"AgentInfo.ToProto":{"count":5000082,"self":16.0871152,"total":40.8811501,"children":{"GenerateSensorData":{"count":5000082,"self":24.7940352,"total":24.7940349,"children":null}}}}}}},"DecideAction":{"count":4166734,"self":63156.2174464,"total":63156.2147831,"children":null},"AgentAct":{"count":4166734,"self":61.4042112,"total":61.460625,"children":{"AgentInfo.ToProto":{"count":6636,"self":0.0242589,"total":0.0564161,"children":{"GenerateSensorData":{"count":6636,"self":0.0321572,"total":0.0321572,"children":null}}}}},"AgentInfo.ToProto":{"count":15984,"self":0.0839012,"total":0.1784685,"children":{"GenerateSensorData":{"count":15984,"self":0.094567299999999993,"total":0.094567299999999993,"children":null}}}},"gauges":{"CNC_Cube_Touching_Behaviour.CumulativeReward":{"count":22620,"max":67.10034,"min":-1.90003276,"runningAverage":13.9291983,"value":1.03999972,"weightedAverage":7.96508932}},"metadata":{"timer_format_version":"0.1.0","start_time_seconds":"1706979552","unity_version":"2022.3.0f1","command_line_arguments":"C:\\Program Files\\Unity\\Hub\\Editor\\2022.3.0f1\\Editor\\Unity.exe -projectpath C:\\Users\\conor\\PlantGrowthSimulator -useHub -hubIPC -cloudEnvironment production","communication_protocol_version":"1.5.0","com.unity.ml-agents_version":"3.0.0-exp.1","scene_name":"CNCScene","end_time_seconds":"1707063684"}}