{"count":1,"self":2369.1145216,"total":9119.0765388999989,"children":{"InitializeActuators":{"count":12,"self":0.0009999,"total":0.0009999,"children":null},"InitializeSensors":{"count":12,"self":0.0015042,"total":0.0015042,"children":null},"AgentSendState":{"count":3047317,"self":17.8220176,"total":61.2897744,"children":{"CollectObservations":{"count":3656784,"self":7.1749247999999994,"total":7.1749244999999995,"children":null},"WriteActionMask":{"count":3656784,"self":1.8041866,"total":1.8041866,"children":null},"RequestDecision":{"count":3656784,"self":11.2377536,"total":34.488645999999996,"children":{"AgentInfo.ToProto":{"count":3656784,"self":9.3041439999999991,"total":23.2508925,"children":{"GenerateSensorData":{"count":3656784,"self":13.9467488,"total":13.9467485,"children":null}}}}}}},"DecideAction":{"count":3047317,"self":6663.5579392,"total":6663.5578724,"children":null},"AgentAct":{"count":3047317,"self":24.9672736,"total":24.988465299999998,"children":{"AgentInfo.ToProto":{"count":3312,"self":0.0090767,"total":0.021191699999999997,"children":{"GenerateSensorData":{"count":3312,"self":0.012114999999999999,"total":0.012114999999999999,"children":null}}}}},"AgentInfo.ToProto":{"count":18072,"self":0.0599491,"total":0.12338089999999999,"children":{"GenerateSensorData":{"count":18072,"self":0.0634318,"total":0.0634318,"children":null}}}},"gauges":{"CNC_Cube_Touching_Behaviour.CumulativeReward":{"count":21384,"max":63.7003822,"min":-1.90003288,"runningAverage":10.9238453,"value":5.06402874,"weightedAverage":9.066055}},"metadata":{"timer_format_version":"0.1.0","start_time_seconds":"1714071190","unity_version":"2022.3.0f1","command_line_arguments":"C:\\Program Files\\Unity\\Hub\\Editor\\2022.3.0f1\\Editor\\Unity.exe -projectpath C:\\Users\\conor\\PlantGrowthSimulator -useHub -hubIPC -cloudEnvironment production","communication_protocol_version":"1.5.0","com.unity.ml-agents_version":"3.0.0-exp.1","scene_name":"CNCScene","end_time_seconds":"1714080309"}}