{
    "name": "root",
    "gauges": {
        "CNC_Cube_Touching_Behaviour.Policy.Entropy.mean": {
            "value": 1.4184736013412476,
            "min": 1.4164365530014038,
            "max": 1.4807432889938354,
            "count": 500
        },
        "CNC_Cube_Touching_Behaviour.Policy.Entropy.sum": {
            "value": 14247.1484375,
            "min": 13648.599609375,
            "max": 15266.09765625,
            "count": 500
        },
        "CNC_Cube_Touching_Behaviour.Step.mean": {
            "value": 4999960.0,
            "min": 9952.0,
            "max": 4999960.0,
            "count": 500
        },
        "CNC_Cube_Touching_Behaviour.Step.sum": {
            "value": 4999960.0,
            "min": 9952.0,
            "max": 4999960.0,
            "count": 500
        },
        "CNC_Cube_Touching_Behaviour.Policy.ExtrinsicValueEstimate.mean": {
            "value": 0.31758514046669006,
            "min": 0.019178815186023712,
            "max": 0.37155094742774963,
            "count": 500
        },
        "CNC_Cube_Touching_Behaviour.Policy.ExtrinsicValueEstimate.sum": {
            "value": 60.65876007080078,
            "min": 3.471365451812744,
            "max": 71.77396392822266,
            "count": 500
        },
        "CNC_Cube_Touching_Behaviour.Policy.CuriosityValueEstimate.mean": {
            "value": 0.00010642910638125613,
            "min": -0.034000445157289505,
            "max": 0.007911705411970615,
            "count": 500
        },
        "CNC_Cube_Touching_Behaviour.Policy.CuriosityValueEstimate.sum": {
            "value": 0.020327959209680557,
            "min": -6.154080390930176,
            "max": 1.368725061416626,
            "count": 500
        },
        "CNC_Cube_Touching_Behaviour.Environment.EpisodeLength.mean": {
            "value": 198.4,
            "min": 105.46666666666667,
            "max": 399.0,
            "count": 500
        },
        "CNC_Cube_Touching_Behaviour.Environment.EpisodeLength.sum": {
            "value": 11904.0,
            "min": 7722.0,
            "max": 12252.0,
            "count": 500
        },
        "CNC_Cube_Touching_Behaviour.Environment.CumulativeReward.mean": {
            "value": 14.954930576656398,
            "min": 7.747227635470372,
            "max": 24.06174950953573,
            "count": 500
        },
        "CNC_Cube_Touching_Behaviour.Environment.CumulativeReward.sum": {
            "value": 867.3859734460711,
            "min": 338.7749906256795,
            "max": 1090.815974906087,
            "count": 500
        },
        "CNC_Cube_Touching_Behaviour.Policy.ExtrinsicReward.mean": {
            "value": 14.954930576656398,
            "min": 7.747227635470372,
            "max": 24.06174950953573,
            "count": 500
        },
        "CNC_Cube_Touching_Behaviour.Policy.ExtrinsicReward.sum": {
            "value": 867.3859734460711,
            "min": 338.7749906256795,
            "max": 1090.815974906087,
            "count": 500
        },
        "CNC_Cube_Touching_Behaviour.Policy.CuriosityReward.mean": {
            "value": 0.0004142102493539102,
            "min": 0.0,
            "max": 0.761830431894244,
            "count": 500
        },
        "CNC_Cube_Touching_Behaviour.Policy.CuriosityReward.sum": {
            "value": 0.024024194462526793,
            "min": 0.0,
            "max": 22.85491295682732,
            "count": 500
        },
        "CNC_Cube_Touching_Behaviour.IsTraining.mean": {
            "value": 1.0,
            "min": 1.0,
            "max": 1.0,
            "count": 500
        },
        "CNC_Cube_Touching_Behaviour.IsTraining.sum": {
            "value": 1.0,
            "min": 1.0,
            "max": 1.0,
            "count": 500
        },
        "CNC_Cube_Touching_Behaviour.Losses.PolicyLoss.mean": {
            "value": 0.014092991636910785,
            "min": 0.011475230025826021,
            "max": 0.024452010936026152,
            "count": 241
        },
        "CNC_Cube_Touching_Behaviour.Losses.PolicyLoss.sum": {
            "value": 0.014092991636910785,
            "min": 0.011475230025826021,
            "max": 0.024452010936026152,
            "count": 241
        },
        "CNC_Cube_Touching_Behaviour.Losses.ValueLoss.mean": {
            "value": 0.037290708844860396,
            "min": 0.02702243197709322,
            "max": 0.05328324722747008,
            "count": 241
        },
        "CNC_Cube_Touching_Behaviour.Losses.ValueLoss.sum": {
            "value": 0.037290708844860396,
            "min": 0.02702243197709322,
            "max": 0.05328324722747008,
            "count": 241
        },
        "CNC_Cube_Touching_Behaviour.Policy.LearningRate.mean": {
            "value": 3.942499605760013e-06,
            "min": 3.942499605760013e-06,
            "max": 0.0009958732004126804,
            "count": 241
        },
        "CNC_Cube_Touching_Behaviour.Policy.LearningRate.sum": {
            "value": 3.942499605760013e-06,
            "min": 3.942499605760013e-06,
            "max": 0.0009958732004126804,
            "count": 241
        },
        "CNC_Cube_Touching_Behaviour.Policy.Epsilon.mean": {
            "value": 0.10039424,
            "min": 0.10039424,
            "max": 0.19958732,
            "count": 241
        },
        "CNC_Cube_Touching_Behaviour.Policy.Epsilon.sum": {
            "value": 0.10039424,
            "min": 0.10039424,
            "max": 0.19958732,
            "count": 241
        },
        "CNC_Cube_Touching_Behaviour.Policy.Beta.mean": {
            "value": 3.95285760000001e-05,
            "min": 3.95285760000001e-05,
            "max": 0.007469090267999998,
            "count": 241
        },
        "CNC_Cube_Touching_Behaviour.Policy.Beta.sum": {
            "value": 3.95285760000001e-05,
            "min": 3.95285760000001e-05,
            "max": 0.007469090267999998,
            "count": 241
        },
        "CNC_Cube_Touching_Behaviour.Losses.CuriosityForwardLoss.mean": {
            "value": 2.148985922758584e-05,
            "min": 9.110232834549e-06,
            "max": 0.16507504017402727,
            "count": 241
        },
        "CNC_Cube_Touching_Behaviour.Losses.CuriosityForwardLoss.sum": {
            "value": 2.148985922758584e-05,
            "min": 9.110232834549e-06,
            "max": 0.16507504017402727,
            "count": 241
        },
        "CNC_Cube_Touching_Behaviour.Losses.CuriosityInverseLoss.mean": {
            "value": 3.095013801256816,
            "min": 2.9896438360214233,
            "max": 3.5412116924921673,
            "count": 241
        },
        "CNC_Cube_Touching_Behaviour.Losses.CuriosityInverseLoss.sum": {
            "value": 3.095013801256816,
            "min": 2.9896438360214233,
            "max": 3.5412116924921673,
            "count": 241
        }
    },
    "metadata": {
        "timer_format_version": "0.1.0",
        "start_time_seconds": "1706979539",
        "python_version": "3.10.9 (tags/v3.10.9:1dd9be6, Dec  6 2022, 20:01:21) [MSC v.1934 64 bit (AMD64)]",
        "command_line_arguments": "C:\\Users\\conor\\PlantGrowthSimulator\\venv\\Scripts\\mlagents-learn .\\trainer_config.yaml --run-id=dist_only_with_dist_reward_multi_env_smaller_cube --force",
        "mlagents_version": "1.1.0.dev0",
        "mlagents_envs_version": "1.1.0.dev0",
        "communication_protocol_version": "1.5.0",
        "pytorch_version": "1.13.1+cu117",
        "numpy_version": "1.23.5",
        "end_time_seconds": "1707063684"
    },
    "total": 84148.4457781,
    "count": 1,
    "self": 0.09314650000305846,
    "children": {
        "run_training.setup": {
            "total": 0.09368650001124479,
            "count": 1,
            "self": 0.09368650001124479
        },
        "TrainerController.start_learning": {
            "total": 84148.25894509998,
            "count": 1,
            "self": 28.88522520766128,