{
    "name": "root",
    "gauges": {
        "CNC_Cube_Touching_Behaviour.Policy.Entropy.mean": {
            "value": 1.820068120956421,
            "min": 1.4189382791519165,
            "max": 1.820068120956421,
            "count": 169
        },
        "CNC_Cube_Touching_Behaviour.Policy.Entropy.sum": {
            "value": 17865.7890625,
            "min": 13912.02734375,
            "max": 18549.09375,
            "count": 169
        },
        "CNC_Cube_Touching_Behaviour.Step.mean": {
            "value": 1689938.0,
            "min": 9998.0,
            "max": 1689938.0,
            "count": 169
        },
        "CNC_Cube_Touching_Behaviour.Step.sum": {
            "value": 1689938.0,
            "min": 9998.0,
            "max": 1689938.0,
            "count": 169
        },
        "CNC_Cube_Touching_Behaviour.Policy.ExtrinsicValueEstimate.mean": {
            "value": 0.3092826306819916,
            "min": 0.00478432746604085,
            "max": 0.3636586368083954,
            "count": 169
        },
        "CNC_Cube_Touching_Behaviour.Policy.ExtrinsicValueEstimate.sum": {
            "value": 52.57804870605469,
            "min": 0.8372573256492615,
            "max": 72.09080505371094,
            "count": 169
        },
        "CNC_Cube_Touching_Behaviour.Policy.CuriosityValueEstimate.mean": {
            "value": 0.0007330154767259955,
            "min": -0.014385552145540714,
            "max": 0.0028504340443760157,
            "count": 169
        },
        "CNC_Cube_Touching_Behaviour.Policy.CuriosityValueEstimate.sum": {
            "value": 0.12461262941360474,
            "min": -2.747640371322632,
            "max": 0.5387320518493652,
            "count": 169
        },
        "CNC_Cube_Touching_Behaviour.Environment.EpisodeLength.mean": {
            "value": 360.0,
            "min": 106.06666666666666,
            "max": 394.75,
            "count": 169
        },
        "CNC_Cube_Touching_Behaviour.Environment.EpisodeLength.sum": {
            "value": 8640.0,
            "min": 7752.0,
            "max": 12234.0,
            "count": 169
        },
        "CNC_Cube_Touching_Behaviour.Environment.CumulativeReward.mean": {
            "value": 16.19999966832499,
            "min": 8.121385434395577,
            "max": 20.526384204052963,
            "count": 169
        },
        "CNC_Cube_Touching_Behaviour.Environment.CumulativeReward.sum": {
            "value": 388.7999920397997,
            "min": 388.7999920397997,
            "max": 907.8359790407121,
            "count": 169
        },
        "CNC_Cube_Touching_Behaviour.Policy.ExtrinsicReward.mean": {
            "value": 16.19999966832499,
            "min": 8.121385434395577,
            "max": 20.526384204052963,
            "count": 169
        },
        "CNC_Cube_Touching_Behaviour.Policy.ExtrinsicReward.sum": {
            "value": 388.7999920397997,
            "min": 388.7999920397997,
            "max": 907.8359790407121,
            "count": 169
        },
        "CNC_Cube_Touching_Behaviour.Policy.CuriosityReward.mean": {
            "value": 0.002664082314671153,
            "min": 0.0,
            "max": 0.18406464377001516,
            "count": 169
        },
        "CNC_Cube_Touching_Behaviour.Policy.CuriosityReward.sum": {
            "value": 0.06393797555210767,
            "min": 0.0,
            "max": 13.988912926521152,
            "count": 169
        },
        "CNC_Cube_Touching_Behaviour.IsTraining.mean": {
            "value": 1.0,
            "min": 1.0,
            "max": 1.0,
            "count": 169
        },
        "CNC_Cube_Touching_Behaviour.IsTraining.sum": {
            "value": 1.0,
            "min": 1.0,
            "max": 1.0,
            "count": 169
        },
        "CNC_Cube_Touching_Behaviour.Losses.PolicyLoss.mean": {
            "value": 0.016273241641465576,
            "min": 0.011469075355368357,
            "max": 0.022677698397698502,
            "count": 81
        },
        "CNC_Cube_Touching_Behaviour.Losses.PolicyLoss.sum": {
            "value": 0.016273241641465576,
            "min": 0.011469075355368357,
            "max": 0.022677698397698502,
            "count": 81
        },
        "CNC_Cube_Touching_Behaviour.Losses.ValueLoss.mean": {
            "value": 0.03899070645372073,
            "min": 0.02976410314440727,
            "max": 0.043984938164552054,
            "count": 81
        },
        "CNC_Cube_Touching_Behaviour.Losses.ValueLoss.sum": {
            "value": 0.03899070645372073,
            "min": 0.02976410314440727,
            "max": 0.043984938164552054,
            "count": 81
        },
        "CNC_Cube_Touching_Behaviour.Policy.LearningRate.mean": {
            "value": 0.0006653680334632,
            "min": 0.0006653680334632,
            "max": 0.00099585520041448,
            "count": 81
        },
        "CNC_Cube_Touching_Behaviour.Policy.LearningRate.sum": {
            "value": 0.0006653680334632,
            "min": 0.0006653680334632,
            "max": 0.00099585520041448,
            "count": 81
        },
        "CNC_Cube_Touching_Behaviour.Policy.Epsilon.mean": {
            "value": 0.1665368,
            "min": 0.1665368,
            "max": 0.19958552000000004,
            "count": 81
        },
        "CNC_Cube_Touching_Behaviour.Policy.Epsilon.sum": {
            "value": 0.1665368,
            "min": 0.1665368,
            "max": 0.19958552000000004,
            "count": 81
        },
        "CNC_Cube_Touching_Behaviour.Policy.Beta.mean": {
            "value": 0.00499360632,
            "min": 0.00499360632,
            "max": 0.007468955447999999,
            "count": 81
        },
        "CNC_Cube_Touching_Behaviour.Policy.Beta.sum": {
            "value": 0.00499360632,
            "min": 0.00499360632,
            "max": 0.007468955447999999,
            "count": 81
        },
        "CNC_Cube_Touching_Behaviour.Losses.CuriosityForwardLoss.mean": {
            "value": 0.00014590033606509678,
            "min": 5.4673748672939836e-05,
            "max": 0.09892623759806156,
            "count": 81
        },
        "CNC_Cube_Touching_Behaviour.Losses.CuriosityForwardLoss.sum": {
            "value": 0.00014590033606509678,
            "min": 5.4673748672939836e-05,
            "max": 0.09892623759806156,
            "count": 81
        },
        "CNC_Cube_Touching_Behaviour.Losses.CuriosityInverseLoss.mean": {
            "value": 4.985420894622803,
            "min": 2.0134567260742187,
            "max": 4.985420894622803,
            "count": 81
        },
        "CNC_Cube_Touching_Behaviour.Losses.CuriosityInverseLoss.sum": {
            "value": 4.985420894622803,
            "min": 2.0134567260742187,
            "max": 4.985420894622803,
            "count": 81
        }
    },
    "metadata": {
        "timer_format_version": "0.1.0",
        "start_time_seconds": "1714045416",
        "python_version": "3.10.9 (tags/v3.10.9:1dd9be6, Dec  6 2022, 20:01:21) [MSC v.1934 64 bit (AMD64)]",
        "command_line_arguments": "C:\\Users\\conor\\PlantGrowthSimulator\\venv\\Scripts\\mlagents-learn .\\trainer_config.yaml --run-id=2DMotionOnly",
        "mlagents_version": "1.1.0.dev0",
        "mlagents_envs_version": "1.1.0.dev0",
        "communication_protocol_version": "1.5.0",
        "pytorch_version": "1.13.1+cu117",
        "numpy_version": "1.23.5",
        "end_time_seconds": "1714070540"
    },
    "total": 25134.412726400013,
    "count": 1,
    "self": 0.010439800040330738,
    "children": {
        "run_training.setup": {
            "total": 0.11408569998457097,
            "count": 1,
            "self": 0.11408569998457097
        },
        "TrainerController.start_learning": {
            "total": 25134.288200899988,
            "count": 1,
            "self": 8.833472810918465,
            "children": {
                "TrainerController._reset_env": {
                    "total": 11.299620300007518,