{
    "name": "root",
    "gauges": {
        "CNC_Cube_Touching_Behaviour.Policy.Entropy.mean": {
            "value": 1.4219695329666138,
            "min": 1.4183493852615356,
            "max": 1.422935128211975,
            "count": 42
        },
        "CNC_Cube_Touching_Behaviour.Policy.Entropy.sum": {
            "value": 13787.416015625,
            "min": 13769.0888671875,
            "max": 14751.1796875,
            "count": 42
        },
        "CNC_Cube_Touching_Behaviour.Step.mean": {
            "value": 419984.0,
            "min": 9984.0,
            "max": 419984.0,
            "count": 42
        },
        "CNC_Cube_Touching_Behaviour.Step.sum": {
            "value": 419984.0,
            "min": 9984.0,
            "max": 419984.0,
            "count": 42
        },
        "CNC_Cube_Touching_Behaviour.Policy.ExtrinsicValueEstimate.mean": {
            "value": 0.18876135349273682,
            "min": -0.0010306049371138215,
            "max": 0.3271709680557251,
            "count": 42
        },
        "CNC_Cube_Touching_Behaviour.Policy.ExtrinsicValueEstimate.sum": {
            "value": 33.59952163696289,
            "min": -0.17932526767253876,
            "max": 57.254920959472656,
            "count": 42
        },
        "CNC_Cube_Touching_Behaviour.Policy.CuriosityValueEstimate.mean": {
            "value": -0.0006948246737010777,
            "min": -0.02379479631781578,
            "max": 0.007011336740106344,
            "count": 42
        },
        "CNC_Cube_Touching_Behaviour.Policy.CuriosityValueEstimate.sum": {
            "value": -0.1236787885427475,
            "min": -4.140294551849365,
            "max": 1.2199726104736328,
            "count": 42
        },
        "CNC_Cube_Touching_Behaviour.Environment.EpisodeLength.mean": {
            "value": 399.0,
            "min": 399.0,
            "max": 399.0,
            "count": 42
        },
        "CNC_Cube_Touching_Behaviour.Environment.EpisodeLength.sum": {
            "value": 11970.0,
            "min": 9576.0,
            "max": 11970.0,
            "count": 42
        },
        "CNC_Cube_Touching_Behaviour.Environment.CumulativeReward.mean": {
            "value": 4.311344468388064,
            "min": -1.2490001432597637,
            "max": 26.75099816545844,
            "count": 42
        },
        "CNC_Cube_Touching_Behaviour.Environment.CumulativeReward.sum": {
            "value": 125.02898958325386,
            "min": -29.97600343823433,
            "max": 642.0239559710026,
            "count": 42
        },
        "CNC_Cube_Touching_Behaviour.Policy.ExtrinsicReward.mean": {
            "value": 4.311344468388064,
            "min": -1.2490001432597637,
            "max": 26.75099816545844,
            "count": 42
        },
        "CNC_Cube_Touching_Behaviour.Policy.ExtrinsicReward.sum": {
            "value": 125.02898958325386,
            "min": -29.97600343823433,
            "max": 642.0239559710026,
            "count": 42
        },
        "CNC_Cube_Touching_Behaviour.Policy.CuriosityReward.mean": {
            "value": 0.001102305633359155,
            "min": 0.0,
            "max": 0.022043232910315663,
            "count": 42
        },
        "CNC_Cube_Touching_Behaviour.Policy.CuriosityReward.sum": {
            "value": 0.0319668633674155,
            "min": 0.0,
            "max": 0.5290375898475759,
            "count": 42
        },
        "CNC_Cube_Touching_Behaviour.IsTraining.mean": {
            "value": 1.0,
            "min": 1.0,
            "max": 1.0,
            "count": 42
        },
        "CNC_Cube_Touching_Behaviour.IsTraining.sum": {
            "value": 1.0,
            "min": 1.0,
            "max": 1.0,
            "count": 42
        },
        "CNC_Cube_Touching_Behaviour.Losses.PolicyLoss.mean": {
            "value": 0.02643447384859125,
            "min": 0.015567559710082909,
            "max": 0.028495603411768874,
            "count": 40
        },
        "CNC_Cube_Touching_Behaviour.Losses.PolicyLoss.sum": {
            "value": 0.02643447384859125,
            "min": 0.015567559710082909,
            "max": 0.028495603411768874,
            "count": 40
        },
        "CNC_Cube_Touching_Behaviour.Losses.ValueLoss.mean": {
            "value": 0.11142099599043528,
            "min": 0.00894963371877869,
            "max": 0.7688381185134252,
            "count": 40
        },
        "CNC_Cube_Touching_Behaviour.Losses.ValueLoss.sum": {
            "value": 0.11142099599043528,
            "min": 0.00894963371877869,
            "max": 0.7688381185134252,
            "count": 40
        },
        "CNC_Cube_Touching_Behaviour.Policy.LearningRate.mean": {
            "value": 1.68064831936e-05,
            "min": 1.68064831936e-05,
            "max": 9.792640207360001e-05,
            "count": 40
        },
        "CNC_Cube_Touching_Behaviour.Policy.LearningRate.sum": {
            "value": 1.68064831936e-05,
            "min": 1.68064831936e-05,
            "max": 9.792640207360001e-05,
            "count": 40
        },
        "CNC_Cube_Touching_Behaviour.Policy.Epsilon.mean": {
            "value": 0.11680640000000005,
            "min": 0.11680640000000005,
            "max": 0.1979264,
            "count": 40
        },
        "CNC_Cube_Touching_Behaviour.Policy.Epsilon.sum": {
            "value": 0.11680640000000005,
            "min": 0.11680640000000005,
            "max": 0.1979264,
            "count": 40
        },
        "CNC_Cube_Touching_Behaviour.Policy.Beta.mean": {
            "value": 0.00017638335999999995,
            "min": 0.00017638335999999995,
            "max": 0.0009794713600000003,
            "count": 40
        },
        "CNC_Cube_Touching_Behaviour.Policy.Beta.sum": {
            "value": 0.00017638335999999995,
            "min": 0.00017638335999999995,
            "max": 0.0009794713600000003,
            "count": 40
        },
        "CNC_Cube_Touching_Behaviour.Losses.CuriosityForwardLoss.mean": {
            "value": 0.0003661705976507316,
            "min": 8.537029716535472e-05,
            "max": 0.07932001859880984,
            "count": 40
        },
        "CNC_Cube_Touching_Behaviour.Losses.CuriosityForwardLoss.sum": {
            "value": 0.0003661705976507316,
            "min": 8.537029716535472e-05,
            "max": 0.07932001859880984,
            "count": 40
        },
        "CNC_Cube_Touching_Behaviour.Losses.CuriosityInverseLoss.mean": {
            "value": 1.0086951891581217,
            "min": 0.9670598487059275,
            "max": 1.0375075856844584,
            "count": 40
        },
        "CNC_Cube_Touching_Behaviour.Losses.CuriosityInverseLoss.sum": {
            "value": 1.0086951891581217,
            "min": 0.9670598487059275,
            "max": 1.0375075856844584,
            "count": 40
        }
    },
    "metadata": {
        "timer_format_version": "0.1.0",
        "start_time_seconds": "1724364957",
        "python_version": "3.10.9 (tags/v3.10.9:1dd9be6, Dec  6 2022, 20:01:21) [MSC v.1934 64 bit (AMD64)]",
        "command_line_arguments": "C:\\Users\\conor\\PlantGrowthSimulator\\venv\\Scripts\\mlagents-learn .\\trainer_config.yaml --run-id=1DMotionOnly-1bs-again --force",
        "mlagents_version": "1.1.0.dev0",
        "mlagents_envs_version": "1.1.0.dev0",
        "communication_protocol_version": "1.5.0",
        "pytorch_version": "1.13.1+cu117",
        "numpy_version": "1.23.5",
        "end_time_seconds": "1724366072"
    },
    "total": 1114.813766599982,
    "count": 1,
    "self": 0.01475349988322705,
    "children": {
        "run_training.setup": {
            "total": 0.06157840008381754,
            "count": 1,
            "self": 0.06157840008381754
        },
        "TrainerController.start_learning": {
            "total": 1114.737434700015,
            "count": 1,
            "self": 2.423601202084683,